-- --------------------------------------------------------
-- Host:                         127.0.0.1
-- Versión del servidor:         8.2.0 - MySQL Community Server - GPL
-- SO del servidor:              Win64
-- HeidiSQL Versión:             12.7.0.6850
-- --------------------------------------------------------

/*!40101 SET @OLD_CHARACTER_SET_CLIENT=@@CHARACTER_SET_CLIENT */;
/*!40101 SET NAMES utf8 */;
/*!50503 SET NAMES utf8mb4 */;
/*!40103 SET @OLD_TIME_ZONE=@@TIME_ZONE */;
/*!40103 SET TIME_ZONE='+00:00' */;
/*!40014 SET @OLD_FOREIGN_KEY_CHECKS=@@FOREIGN_KEY_CHECKS, FOREIGN_KEY_CHECKS=0 */;
/*!40101 SET @OLD_SQL_MODE=@@SQL_MODE, SQL_MODE='NO_AUTO_VALUE_ON_ZERO' */;
/*!40111 SET @OLD_SQL_NOTES=@@SQL_NOTES, SQL_NOTES=0 */;

-- Volcando estructura para tabla agencia.detalle_salida
CREATE TABLE IF NOT EXISTS `detalle_salida` (
  `iddetalle_salida` bigint NOT NULL AUTO_INCREMENT,
  `idsalida` bigint DEFAULT NULL,
  `idservicio` bigint DEFAULT NULL,
  `cantidad` int DEFAULT NULL,
  PRIMARY KEY (`iddetalle_salida`) USING BTREE,
  KEY `idsalida` (`idsalida`),
  KEY `idservicio` (`idservicio`),
  CONSTRAINT `FK_detalle_salida_salida` FOREIGN KEY (`idsalida`) REFERENCES `salida` (`idsalida`),
  CONSTRAINT `FK_detalle_salida_servicio` FOREIGN KEY (`idservicio`) REFERENCES `servicio` (`idservicio`)
) ENGINE=InnoDB AUTO_INCREMENT=13 DEFAULT CHARSET=utf8mb4 COLLATE=utf8mb4_swedish_ci;

-- Volcando datos para la tabla agencia.detalle_salida: ~4 rows (aproximadamente)
DELETE FROM `detalle_salida`;
INSERT INTO `detalle_salida` (`iddetalle_salida`, `idsalida`, `idservicio`, `cantidad`) VALUES
	(12, 5, 8, 3);

-- Volcando estructura para tabla agencia.detalle_venta
CREATE TABLE IF NOT EXISTS `detalle_venta` (
  `iddetalleventa` bigint NOT NULL AUTO_INCREMENT,
  `codigo_venta` varchar(100) CHARACTER SET utf8mb4 COLLATE utf8mb4_swedish_ci NOT NULL,
  `idservicio` bigint NOT NULL,
  `cantidad` int NOT NULL,
  `precio` decimal(20,2) NOT NULL,
  `descuento` decimal(20,2) DEFAULT NULL,
  PRIMARY KEY (`iddetalleventa`) USING BTREE,
  KEY `idservicio` (`idservicio`) USING BTREE,
  KEY `idventa` (`codigo_venta`) USING BTREE,
  CONSTRAINT `detalle_venta_ibfk_1` FOREIGN KEY (`codigo_venta`) REFERENCES `venta` (`codigo_venta`),
  CONSTRAINT `detalle_venta_ibfk_2` FOREIGN KEY (`idservicio`) REFERENCES `servicio` (`idservicio`)
) ENGINE=InnoDB AUTO_INCREMENT=8 DEFAULT CHARSET=utf8mb4 COLLATE=utf8mb4_swedish_ci;

-- Volcando datos para la tabla agencia.detalle_venta: ~4 rows (aproximadamente)
DELETE FROM `detalle_venta`;
INSERT INTO `detalle_venta` (`iddetalleventa`, `codigo_venta`, `idservicio`, `cantidad`, `precio`, `descuento`) VALUES
	(7, 'v_1', 8, 1, 30.00, 0.00);

-- Volcando estructura para tabla agencia.modulo
CREATE TABLE IF NOT EXISTS `modulo` (
  `idmodulo` bigint NOT NULL AUTO_INCREMENT,
  `titulo` varchar(50) CHARACTER SET utf8mb4 COLLATE utf8mb4_swedish_ci NOT NULL,
  `descripcion` text CHARACTER SET utf8mb4 COLLATE utf8mb4_swedish_ci NOT NULL,
  `status` int NOT NULL DEFAULT '1',
  PRIMARY KEY (`idmodulo`)
) ENGINE=InnoDB AUTO_INCREMENT=15 DEFAULT CHARSET=utf8mb4 COLLATE=utf8mb4_swedish_ci;

-- Volcando datos para la tabla agencia.modulo: ~13 rows (aproximadamente)
DELETE FROM `modulo`;
INSERT INTO `modulo` (`idmodulo`, `titulo`, `descripcion`, `status`) VALUES
	(1, 'Dashboard', 'Dashboard', 1),
	(2, 'Empleado', 'Usuarios del sistema', 1),
	(3, 'RolEmpleado', 'Roles de empleados', 1),
	(4, 'Clientes', 'Clientes de tienda', 1),
	(5, 'Usuarios', 'usuario', 1),
	(6, 'RolUsuario', 'Roles de Usuario', 1),
	(7, 'Ventas', 'Ventas', 1),
	(8, 'Salidas', 'Salidas de la agencia', 1),
	(9, 'Servicios', 'Caterogías Productos', 1),
	(10, 'Opciones', 'opciones de pagina', 1),
	(11, 'Páginas', 'Páginas del sitio web', 1),
	(12, 'Contactos', 'Mensajes del formulario contacto', 1),
	(13, 'Suscriptores', 'Suscriptores del sitio web', 1);

-- Volcando estructura para tabla agencia.opciones
CREATE TABLE IF NOT EXISTS `opciones` (
  `id` int NOT NULL AUTO_INCREMENT,
  `personaid` bigint DEFAULT NULL,
  `idioma` int DEFAULT NULL,
  `tema` int DEFAULT NULL,
  `formato_moneda` int DEFAULT NULL,
  PRIMARY KEY (`id`) USING BTREE,
  KEY `idpersona` (`personaid`) USING BTREE,
  CONSTRAINT `FK_opciones_persona` FOREIGN KEY (`personaid`) REFERENCES `persona` (`idpersona`)
) ENGINE=InnoDB AUTO_INCREMENT=14 DEFAULT CHARSET=utf8mb4 COLLATE=utf8mb4_swedish_ci;

-- Volcando datos para la tabla agencia.opciones: ~0 rows (aproximadamente)
DELETE FROM `opciones`;
INSERT INTO `opciones` (`id`, `personaid`, `idioma`, `tema`, `formato_moneda`) VALUES
	(13, 22, 1, 1, 1);

-- Volcando estructura para tabla agencia.permisos
CREATE TABLE IF NOT EXISTS `permisos` (
  `idpermiso` bigint NOT NULL AUTO_INCREMENT,
  `rolid` bigint NOT NULL,
  `moduloid` bigint NOT NULL,
  `r` int NOT NULL DEFAULT '0',
  `w` int NOT NULL DEFAULT '0',
  `u` int NOT NULL DEFAULT '0',
  `d` int NOT NULL DEFAULT '0',
  PRIMARY KEY (`idpermiso`),
  KEY `moduloid` (`moduloid`),
  KEY `rolid` (`rolid`) USING BTREE,
  CONSTRAINT `permisos_ibfk_1` FOREIGN KEY (`rolid`) REFERENCES `rol_usuario` (`idrolusuario`) ON DELETE CASCADE ON UPDATE CASCADE,
  CONSTRAINT `permisos_ibfk_2` FOREIGN KEY (`moduloid`) REFERENCES `modulo` (`idmodulo`) ON DELETE CASCADE ON UPDATE CASCADE
) ENGINE=InnoDB AUTO_INCREMENT=516 DEFAULT CHARSET=utf8mb4 COLLATE=utf8mb4_swedish_ci;

-- Volcando datos para la tabla agencia.permisos: ~26 rows (aproximadamente)
DELETE FROM `permisos`;
INSERT INTO `permisos` (`idpermiso`, `rolid`, `moduloid`, `r`, `w`, `u`, `d`) VALUES
	(451, 1, 1, 1, 1, 1, 1),
	(452, 1, 2, 1, 1, 1, 1),
	(453, 1, 3, 1, 1, 1, 1),
	(454, 1, 4, 1, 1, 1, 1),
	(455, 1, 5, 1, 1, 1, 1),
	(456, 1, 6, 1, 1, 1, 1),
	(457, 1, 7, 1, 1, 1, 1),
	(458, 1, 8, 1, 1, 1, 1),
	(459, 1, 9, 1, 1, 1, 1),
	(460, 1, 10, 1, 1, 1, 1),
	(461, 1, 11, 1, 1, 1, 1),
	(462, 1, 12, 1, 1, 1, 1),
	(463, 1, 13, 1, 1, 1, 1),
	(503, 2, 1, 1, 1, 1, 1),
	(504, 2, 2, 1, 1, 1, 1),
	(505, 2, 3, 1, 1, 1, 1),
	(506, 2, 4, 1, 1, 1, 1),
	(507, 2, 5, 1, 1, 1, 1),
	(508, 2, 6, 0, 0, 0, 0),
	(509, 2, 7, 1, 1, 1, 0),
	(510, 2, 8, 1, 1, 1, 0),
	(511, 2, 9, 1, 1, 1, 0),
	(512, 2, 10, 1, 1, 1, 0),
	(513, 2, 11, 1, 1, 1, 0),
	(514, 2, 12, 1, 1, 1, 0),
	(515, 2, 13, 1, 1, 1, 0);

-- Volcando estructura para tabla agencia.persona
CREATE TABLE IF NOT EXISTS `persona` (
  `idpersona` bigint NOT NULL AUTO_INCREMENT,
  `identificacion` varchar(30) CHARACTER SET utf8mb4 COLLATE utf8mb4_swedish_ci DEFAULT NULL,
  `nombres` varchar(80) CHARACTER SET utf8mb4 COLLATE utf8mb4_swedish_ci NOT NULL,
  `apellidos` varchar(100) CHARACTER SET utf8mb4 COLLATE utf8mb4_swedish_ci NOT NULL,
  `telefono` bigint NOT NULL,
  `email_user` varchar(100) CHARACTER SET utf8mb4 COLLATE utf8mb4_swedish_ci NOT NULL,
  `password` varchar(75) CHARACTER SET utf8mb4 COLLATE utf8mb4_swedish_ci DEFAULT NULL,
  `hotel` varchar(20) CHARACTER SET utf8mb4 COLLATE utf8mb4_swedish_ci DEFAULT NULL,
  `token` varchar(100) CHARACTER SET utf8mb4 COLLATE utf8mb4_swedish_ci DEFAULT NULL,
  `rolid` bigint DEFAULT NULL,
  `datecreated` datetime NOT NULL DEFAULT CURRENT_TIMESTAMP,
  `direccion` varchar(50) CHARACTER SET utf8mb4 COLLATE utf8mb4_swedish_ci DEFAULT NULL,
  `ciudad` varchar(50) CHARACTER SET utf8mb4 COLLATE utf8mb4_swedish_ci DEFAULT NULL,
  `rolidempleado` bigint DEFAULT NULL,
  `status` int NOT NULL DEFAULT '1',
  PRIMARY KEY (`idpersona`),
  KEY `rolid` (`rolid`),
  KEY `rolidempleado` (`rolidempleado`),
  CONSTRAINT `FK_persona_rol` FOREIGN KEY (`rolid`) REFERENCES `rol_usuario` (`idrolusuario`),
  CONSTRAINT `FK_persona_rol_empleado` FOREIGN KEY (`rolidempleado`) REFERENCES `rol_empleado` (`idrolempleado`)
) ENGINE=InnoDB AUTO_INCREMENT=69 DEFAULT CHARSET=utf8mb4 COLLATE=utf8mb4_swedish_ci;

-- Volcando datos para la tabla agencia.persona: ~4 rows (aproximadamente)
DELETE FROM `persona`;
INSERT INTO `persona` (`idpersona`, `identificacion`, `nombres`, `apellidos`, `telefono`, `email_user`, `password`, `hotel`, `token`, `rolid`, `datecreated`, `direccion`, `ciudad`, `rolidempleado`, `status`) VALUES
	(22, '74199531', 'Javier Antonio', 'Padin Flores', 917189300, 'javierpadin661@gmail.com', 'afad7b36d11a0e2c7b30ec3a16c9077d8e2c4117f282f257790bd9f70641d840', 'ID tributo javier', '0b29bd63a450601e8de9-46a10d5e89d9c8d8010f-34f01ff7f4adc772e209-2598a10910d6573c55cd', 1, '2023-11-10 03:11:09', '111111', '2222', NULL, 1),
	(66, '15282867', 'Yuriko', 'Vicente Arbizu', 987654321, 'arbizu@gmail.com', '9dd48242682f9b76b335154407472da5a8305bcec32d974b4913e46441e40906', NULL, NULL, 2, '2024-06-28 00:24:44', NULL, NULL, NULL, 1),
	(67, '15383812', 'Nelson', 'Luyo Yactayo', 940246612, 'yactayo@gmail.com', NULL, 'Hotel las brisas Lun', NULL, 3, '2024-06-28 00:26:04', NULL, NULL, NULL, 1),
	(68, '87654321', 'Keyler', 'Correa Vicente', 958764321, 'correa@gmail.com', NULL, NULL, NULL, NULL, '2024-06-28 00:27:29', NULL, NULL, 26, 1);

-- Volcando estructura para tabla agencia.rol_empleado
CREATE TABLE IF NOT EXISTS `rol_empleado` (
  `idrolempleado` bigint NOT NULL AUTO_INCREMENT,
  `nombrerolempleado` varchar(50) CHARACTER SET utf8mb4 COLLATE utf8mb4_swedish_ci NOT NULL,
  `descripcion` text CHARACTER SET utf8mb4 COLLATE utf8mb4_swedish_ci NOT NULL,
  `datecreated` datetime NOT NULL DEFAULT CURRENT_TIMESTAMP,
  `status` int NOT NULL DEFAULT '1',
  PRIMARY KEY (`idrolempleado`) USING BTREE
) ENGINE=InnoDB AUTO_INCREMENT=27 DEFAULT CHARSET=utf8mb4 COLLATE=utf8mb4_swedish_ci;

-- Volcando datos para la tabla agencia.rol_empleado: ~6 rows (aproximadamente)
DELETE FROM `rol_empleado`;
INSERT INTO `rol_empleado` (`idrolempleado`, `nombrerolempleado`, `descripcion`, `datecreated`, `status`) VALUES
	(26, 'Cargador', 'Encargado de traer el bote a la agencia.', '2024-06-28 00:26:43', 1);

-- Volcando estructura para tabla agencia.rol_usuario
CREATE TABLE IF NOT EXISTS `rol_usuario` (
  `idrolusuario` bigint NOT NULL AUTO_INCREMENT,
  `nombrerolusuario` varchar(50) CHARACTER SET utf8mb4 COLLATE utf8mb4_swedish_ci NOT NULL,
  `descripcion` text CHARACTER SET utf8mb4 COLLATE utf8mb4_swedish_ci NOT NULL,
  `status` int NOT NULL DEFAULT '1',
  PRIMARY KEY (`idrolusuario`) USING BTREE
) ENGINE=InnoDB AUTO_INCREMENT=14 DEFAULT CHARSET=utf8mb4 COLLATE=utf8mb4_swedish_ci;

-- Volcando datos para la tabla agencia.rol_usuario: ~4 rows (aproximadamente)
DELETE FROM `rol_usuario`;
INSERT INTO `rol_usuario` (`idrolusuario`, `nombrerolusuario`, `descripcion`, `status`) VALUES
	(1, 'Administrador', 'Acceso a todo el sistema', 1),
	(2, 'Supervisor', 'Supervisor de tiendas', 1),
	(3, 'Cliente', 'Clientes en general', 1);

-- Volcando estructura para tabla agencia.salida
CREATE TABLE IF NOT EXISTS `salida` (
  `idsalida` bigint NOT NULL AUTO_INCREMENT,
  `codigo_venta` varchar(100) CHARACTER SET utf8mb4 COLLATE utf8mb4_swedish_ci NOT NULL,
  `personaid` bigint DEFAULT NULL,
  `persona_externa` varchar(100) COLLATE utf8mb4_swedish_ci DEFAULT NULL,
  `descripcion` varchar(400) CHARACTER SET utf8mb4 COLLATE utf8mb4_swedish_ci DEFAULT NULL,
  `datecreated` datetime DEFAULT CURRENT_TIMESTAMP,
  `pago` int NOT NULL DEFAULT '0',
  `status` int NOT NULL DEFAULT '1',
  PRIMARY KEY (`idsalida`),
  KEY `codigo_venta` (`codigo_venta`),
  KEY `personaid` (`personaid`),
  CONSTRAINT `FK_salida_codigo_venta` FOREIGN KEY (`codigo_venta`) REFERENCES `venta` (`codigo_venta`),
  CONSTRAINT `FK_salidas_persona` FOREIGN KEY (`personaid`) REFERENCES `persona` (`idpersona`)
) ENGINE=InnoDB AUTO_INCREMENT=6 DEFAULT CHARSET=utf8mb4 COLLATE=utf8mb4_swedish_ci;

-- Volcando datos para la tabla agencia.salida: ~3 rows (aproximadamente)
DELETE FROM `salida`;
INSERT INTO `salida` (`idsalida`, `codigo_venta`, `personaid`, `persona_externa`, `descripcion`, `datecreated`, `pago`, `status`) VALUES
	(5, 'v_1', 68, NULL, NULL, '2024-06-28 00:33:31', 1, 1);

-- Volcando estructura para tabla agencia.servicio
CREATE TABLE IF NOT EXISTS `servicio` (
  `idservicio` bigint NOT NULL AUTO_INCREMENT,
  `nombre` varchar(255) CHARACTER SET utf8mb4 COLLATE utf8mb4_swedish_ci NOT NULL,
  `descripcion` text CHARACTER SET utf8mb4 COLLATE utf8mb4_swedish_ci NOT NULL,
  `precio` decimal(20,2) DEFAULT NULL,
  `portada` varchar(100) CHARACTER SET utf8mb4 COLLATE utf8mb4_swedish_ci NOT NULL,
  `datecreated` datetime NOT NULL DEFAULT CURRENT_TIMESTAMP,
  `ruta` varchar(255) CHARACTER SET utf8mb4 COLLATE utf8mb4_swedish_ci NOT NULL,
  `status` int NOT NULL DEFAULT '1',
  PRIMARY KEY (`idservicio`) USING BTREE
) ENGINE=InnoDB AUTO_INCREMENT=9 DEFAULT CHARSET=utf8mb4 COLLATE=utf8mb4_swedish_ci;

-- Volcando datos para la tabla agencia.servicio: ~5 rows (aproximadamente)
DELETE FROM `servicio`;
INSERT INTO `servicio` (`idservicio`, `nombre`, `descripcion`, `precio`, `portada`, `datecreated`, `ruta`, `status`) VALUES
	(8, 'Canotaje', 'Deporte extremo en el río 8km 45minutos.', 30.00, 'img_731fd9f438f393dee4d4c11d044e3f46.jpg', '2024-06-28 00:18:07', 'canotaje', 1);

-- Volcando estructura para tabla agencia.tipopago
CREATE TABLE IF NOT EXISTS `tipopago` (
  `idtipopago` bigint NOT NULL AUTO_INCREMENT,
  `tipopago` varchar(100) CHARACTER SET utf8mb4 COLLATE utf8mb4_swedish_ci NOT NULL,
  `status` int NOT NULL DEFAULT '1',
  PRIMARY KEY (`idtipopago`)
) ENGINE=InnoDB AUTO_INCREMENT=6 DEFAULT CHARSET=utf8mb4 COLLATE=utf8mb4_swedish_ci;

-- Volcando datos para la tabla agencia.tipopago: ~5 rows (aproximadamente)
DELETE FROM `tipopago`;
INSERT INTO `tipopago` (`idtipopago`, `tipopago`, `status`) VALUES
	(1, 'Efectivo', 1),
	(2, 'Yape', 1),
	(3, 'Plin', 1),
	(4, 'Transferencia', 1),
	(5, 'Tarjeta', 1);

-- Volcando estructura para tabla agencia.venta
CREATE TABLE IF NOT EXISTS `venta` (
  `idventa` bigint NOT NULL AUTO_INCREMENT,
  `codigo_venta` varchar(100) CHARACTER SET utf8mb4 COLLATE utf8mb4_swedish_ci NOT NULL,
  `datecreated` datetime DEFAULT (now()),
  `idvendedor` bigint NOT NULL,
  `dni_cliente` varchar(15) CHARACTER SET utf8mb4 COLLATE utf8mb4_swedish_ci NOT NULL,
  `idtipopago` bigint NOT NULL,
  `total` decimal(20,2) DEFAULT NULL,
  `status` int DEFAULT '1',
  PRIMARY KEY (`idventa`) USING BTREE,
  KEY `idvendedor` (`idvendedor`) USING BTREE,
  KEY `idtipopago` (`idtipopago`) USING BTREE,
  KEY `codigo_venta` (`codigo_venta`) USING BTREE,
  CONSTRAINT `venta_ibfk_1` FOREIGN KEY (`idvendedor`) REFERENCES `persona` (`idpersona`),
  CONSTRAINT `venta_ibfk_2` FOREIGN KEY (`idtipopago`) REFERENCES `tipopago` (`idtipopago`)
) ENGINE=InnoDB AUTO_INCREMENT=5 DEFAULT CHARSET=utf8mb4 COLLATE=utf8mb4_swedish_ci;

-- Volcando datos para la tabla agencia.venta: ~1 rows (aproximadamente)
DELETE FROM `venta`;
INSERT INTO `venta` (`idventa`, `codigo_venta`, `datecreated`, `idvendedor`, `dni_cliente`, `idtipopago`, `total`, `status`) VALUES
	(4, 'v_1', '2024-06-28 00:31:36', 22, '15383812', 1, 30.00, 1);

/*!40103 SET TIME_ZONE=IFNULL(@OLD_TIME_ZONE, 'system') */;
/*!40101 SET SQL_MODE=IFNULL(@OLD_SQL_MODE, '') */;
/*!40014 SET FOREIGN_KEY_CHECKS=IFNULL(@OLD_FOREIGN_KEY_CHECKS, 1) */;
/*!40101 SET CHARACTER_SET_CLIENT=@OLD_CHARACTER_SET_CLIENT */;
/*!40111 SET SQL_NOTES=IFNULL(@OLD_SQL_NOTES, 1) */;
