-- --------------------------------------------------------
-- Host:                         127.0.0.1
-- Versión del servidor:         8.2.0 - MySQL Community Server - GPL
-- SO del servidor:              Win64
-- HeidiSQL Versión:             12.7.0.6850
-- --------------------------------------------------------

/*!40101 SET @OLD_CHARACTER_SET_CLIENT=@@CHARACTER_SET_CLIENT */;
/*!40101 SET NAMES utf8 */;
/*!50503 SET NAMES utf8mb4 */;
/*!40103 SET @OLD_TIME_ZONE=@@TIME_ZONE */;
/*!40103 SET TIME_ZONE='+00:00' */;
/*!40014 SET @OLD_FOREIGN_KEY_CHECKS=@@FOREIGN_KEY_CHECKS, FOREIGN_KEY_CHECKS=0 */;
/*!40101 SET @OLD_SQL_MODE=@@SQL_MODE, SQL_MODE='NO_AUTO_VALUE_ON_ZERO' */;
/*!40111 SET @OLD_SQL_NOTES=@@SQL_NOTES, SQL_NOTES=0 */;

-- Volcando datos para la tabla agencia.detalle_salida: ~4 rows (aproximadamente)
INSERT INTO `detalle_salida` (`iddetalle_salida`, `idsalida`, `idservicio`, `cantidad`) VALUES
	(5, 2, 3, 3),
	(6, 2, 4, 4),
	(9, 3, 2, 8),
	(11, 4, 1, 8);

-- Volcando datos para la tabla agencia.detalle_venta: ~4 rows (aproximadamente)
INSERT INTO `detalle_venta` (`iddetalleventa`, `codigo_venta`, `idservicio`, `cantidad`, `precio`, `descuento`) VALUES
	(3, 'v_1', 3, 1, 5.00, NULL),
	(4, 'v_1', 4, 1, 13.00, NULL),
	(5, 'v_2', 2, 1, 10.00, 2.00),
	(6, 'v_3', 1, 1, 10.00, 1.00);

-- Volcando datos para la tabla agencia.modulo: ~13 rows (aproximadamente)
INSERT INTO `modulo` (`idmodulo`, `titulo`, `descripcion`, `status`) VALUES
	(1, 'Dashboard', 'Dashboard', 1),
	(2, 'Empleado', 'Usuarios del sistema', 1),
	(3, 'RolEmpleado', 'Roles de empleados', 1),
	(4, 'Clientes', 'Clientes de tienda', 1),
	(5, 'Usuarios', 'usuario', 1),
	(6, 'RolUsuario', 'Roles de Usuario', 1),
	(7, 'Ventas', 'Ventas', 1),
	(8, 'Salidas', 'Salidas de la agencia', 1),
	(9, 'Servicios', 'Caterogías Productos', 1),
	(10, 'Opciones', 'opciones de pagina', 1),
	(11, 'Páginas', 'Páginas del sitio web', 1),
	(12, 'Contactos', 'Mensajes del formulario contacto', 1),
	(13, 'Suscriptores', 'Suscriptores del sitio web', 1);

-- Volcando datos para la tabla agencia.opciones: ~1 rows (aproximadamente)
INSERT INTO `opciones` (`id`, `personaid`, `idioma`, `tema`, `formato_moneda`) VALUES
	(13, 22, 1, 1, 1);

-- Volcando datos para la tabla agencia.permisos: ~65 rows (aproximadamente)
INSERT INTO `permisos` (`idpermiso`, `rolid`, `moduloid`, `r`, `w`, `u`, `d`) VALUES
	(412, 3, 1, 1, 1, 1, 1),
	(413, 3, 2, 1, 1, 1, 1),
	(414, 3, 3, 1, 1, 1, 1),
	(415, 3, 4, 1, 1, 1, 1),
	(416, 3, 5, 1, 1, 1, 1),
	(417, 3, 6, 1, 1, 1, 1),
	(418, 3, 7, 1, 1, 1, 1),
	(419, 3, 8, 1, 1, 1, 1),
	(420, 3, 9, 1, 1, 1, 1),
	(421, 3, 10, 1, 1, 1, 1),
	(422, 3, 11, 1, 1, 1, 1),
	(423, 3, 12, 1, 1, 1, 1),
	(424, 3, 13, 1, 1, 1, 1),
	(425, 4, 1, 1, 1, 1, 1),
	(426, 4, 2, 1, 1, 1, 1),
	(427, 4, 3, 1, 1, 1, 1),
	(428, 4, 4, 1, 1, 1, 1),
	(429, 4, 5, 1, 1, 1, 1),
	(430, 4, 6, 1, 1, 1, 1),
	(431, 4, 7, 1, 1, 1, 1),
	(432, 4, 8, 1, 1, 1, 1),
	(433, 4, 9, 1, 1, 1, 1),
	(434, 4, 10, 1, 1, 1, 1),
	(435, 4, 11, 1, 1, 1, 1),
	(436, 4, 12, 1, 1, 1, 1),
	(437, 4, 13, 1, 1, 1, 1),
	(438, 13, 1, 0, 0, 0, 0),
	(439, 13, 2, 0, 0, 0, 0),
	(440, 13, 3, 0, 0, 0, 0),
	(441, 13, 4, 0, 0, 0, 0),
	(442, 13, 5, 0, 0, 0, 0),
	(443, 13, 6, 0, 0, 0, 0),
	(444, 13, 7, 0, 0, 0, 0),
	(445, 13, 8, 0, 0, 0, 0),
	(446, 13, 9, 0, 0, 0, 0),
	(447, 13, 10, 0, 0, 0, 0),
	(448, 13, 11, 0, 0, 0, 0),
	(449, 13, 12, 0, 0, 0, 0),
	(450, 13, 13, 0, 0, 0, 0),
	(451, 1, 1, 1, 1, 1, 1),
	(452, 1, 2, 1, 1, 1, 1),
	(453, 1, 3, 1, 1, 1, 1),
	(454, 1, 4, 1, 1, 1, 1),
	(455, 1, 5, 1, 1, 1, 1),
	(456, 1, 6, 1, 1, 1, 1),
	(457, 1, 7, 1, 1, 1, 1),
	(458, 1, 8, 1, 1, 1, 1),
	(459, 1, 9, 1, 1, 1, 1),
	(460, 1, 10, 1, 1, 1, 1),
	(461, 1, 11, 1, 1, 1, 1),
	(462, 1, 12, 1, 1, 1, 1),
	(463, 1, 13, 1, 1, 1, 1),
	(464, 2, 1, 1, 1, 1, 1),
	(465, 2, 2, 1, 1, 1, 1),
	(466, 2, 3, 1, 1, 1, 1),
	(467, 2, 4, 1, 1, 1, 1),
	(468, 2, 5, 1, 1, 1, 1),
	(469, 2, 6, 1, 1, 1, 1),
	(470, 2, 7, 1, 1, 1, 1),
	(471, 2, 8, 1, 1, 1, 1),
	(472, 2, 9, 1, 1, 1, 1),
	(473, 2, 10, 1, 1, 1, 1),
	(474, 2, 11, 1, 1, 1, 1),
	(475, 2, 12, 1, 1, 1, 1),
	(476, 2, 13, 1, 1, 1, 1);

-- Volcando datos para la tabla agencia.persona: ~16 rows (aproximadamente)
INSERT INTO `persona` (`idpersona`, `identificacion`, `nombres`, `apellidos`, `telefono`, `email_user`, `password`, `hotel`, `token`, `rolid`, `datecreated`, `status`, `direccion`, `ciudad`, `rolidempleado`) VALUES
	(2, '73621360', 'Jeanettis Mariel', 'Luyo Correa', 910089718, 'jluyo@gmail.com', '1a5376ad727d65213a79f3108541cf95012969a0d3064f108b5dd6e7f8c19b89', NULL, NULL, 2, '2023-11-29 10:57:56', 1, NULL, NULL, NULL),
	(22, '74199531', 'Javier Antonio', 'Padin Flores', 917189300, 'javierpadin661@gmail.com', 'afad7b36d11a0e2c7b30ec3a16c9077d8e2c4117f282f257790bd9f70641d840', 'ID tributo javier', '0b29bd63a450601e8de9-46a10d5e89d9c8d8010f-34f01ff7f4adc772e209-2598a10910d6573c55cd', 1, '2023-11-10 03:11:09', 1, '111111', '2222', NULL),
	(24, 'JUAN LLOCYA', 'Juan Manuel', 'Llocya Castro', 918313532, 'jllocya@system32.shop', '', 'sssssss', NULL, NULL, '2023-11-29 11:03:25', 0, NULL, NULL, 1),
	(28, '72014145', 'Alex', 'Huasasquiche', 946454569, 'ahuasasquiche@gmail.com', '', NULL, NULL, NULL, '2023-12-06 17:27:31', 0, NULL, NULL, 1),
	(29, '74199532', 'Javier Padin UNDC', 'Padin Flores', 9171893004, '2002010167@undc.edu.pe', '', NULL, NULL, NULL, '2023-12-16 10:41:03', 0, 'Av Lima', 'Quilmana', 1),
	(30, '4444444444', 'FRANK', 'GALAGER', 99999999, 'FRANK@gmail.com', 'afad7b36d11a0e2c7b30ec3a16c9077d8e2c4117f282f257790bd9f70641d840', 'lima', NULL, 3, '2024-05-12 23:57:54', 1, NULL, NULL, NULL),
	(56, '75486524', 'JHON VIGNEY', 'ROMERO MELCHOR', 918313532, 'javierpadin6w61@gmail.com', NULL, NULL, NULL, NULL, '2024-05-25 08:34:47', 1, NULL, NULL, 20),
	(57, '23232323', 'Jeanettis Mariel', 'CHAVEZ SANCHEZ', 910089718, 'javierpad23in661@gmail.com', NULL, NULL, NULL, NULL, '2024-05-25 08:39:53', 1, NULL, NULL, 21),
	(58, '2323234', 'Juanggiii', 'Herrera', 111111111111111, 'javiegggrpadin661@gmail.com', NULL, NULL, NULL, NULL, '2024-05-25 08:40:10', 1, NULL, NULL, 22),
	(59, '666', 'NANCY YANINA', 'MAZA SUAREZ', 910089718, 'javierpa66din661@gmail.com', NULL, NULL, NULL, NULL, '2024-05-25 09:25:41', 1, NULL, NULL, 22),
	(60, '72014148', 'AZALIA ABIGAIL', 'CONTRERAS BRAVO', 946454569, 'javiderpadin661@gmail.com', NULL, NULL, NULL, NULL, '2024-06-09 19:20:49', 1, NULL, NULL, 1),
	(61, '74199534', 'RICHARD CESAR ALEXANDER', 'SANCHEZ LOPEZ', 946454573, 'javier11paeedin661@gmail.com', NULL, NULL, NULL, NULL, '2024-06-09 19:28:45', 1, NULL, NULL, 1),
	(62, '72014141', 'JOSE ALEJANDRO', 'LA ROSA HUASASQUICHE', 946454569, 'javi1erpad1in661@gmail.com', NULL, '1111111', NULL, 3, '2024-06-09 21:59:26', 1, NULL, NULL, NULL),
	(63, '74199539', 'BRANDOLEE VANDAMME', 'JARA PRINCIPE', 946454569, 'j666avie55rpadin661@gmail.com', NULL, 'peru', NULL, 3, '2024-06-09 22:03:34', 1, NULL, NULL, NULL),
	(64, '72014144', 'Alex', 'Huasasquiche', 946454569, 'javierpa44444din661@gmail.com', '8d969eef6ecad3c29a3a629280e686cf0c3f5d5a86aff3ca12020c923adc6c92', NULL, NULL, 2, '2024-06-10 00:20:37', 1, NULL, NULL, NULL),
	(65, '720144148', 'AZALIA ABIGAIL', 'CONTRERAS BRAVO', 946454569, 'javgggierpadin661@gmail.com', NULL, NULL, NULL, NULL, '2024-06-10 22:19:16', 1, NULL, NULL, 22);

-- Volcando datos para la tabla agencia.rol_empleado: ~6 rows (aproximadamente)
INSERT INTO `rol_empleado` (`idrolempleado`, `nombrerolempleado`, `descripcion`, `datecreated`, `status`) VALUES
	(1, 'Guia', 'GUIAR A LOS TURISTAS', '2024-06-09 20:25:52', 1),
	(20, 'CONDUCTOR', '111', '2024-06-09 20:25:53', 1),
	(21, 'KAYACK', '222', '2024-06-09 20:25:54', 1),
	(22, 'CARGADOR', '333', '2024-06-09 20:25:54', 1),
	(24, 'sww', 'wwwwwrrrwww', '0000-00-00 00:00:00', 0),
	(25, 'see', 'eeee', '0000-00-00 00:00:00', 0);

-- Volcando datos para la tabla agencia.rol_usuario: ~5 rows (aproximadamente)
INSERT INTO `rol_usuario` (`idrolusuario`, `nombrerolusuario`, `descripcion`, `status`) VALUES
	(1, 'Administrador', 'Acceso a todo el sistema', 1),
	(2, 'Supervisor', 'Supervisor de tiendas', 1),
	(3, 'Cliente', 'Clientes en general', 1),
	(4, 'Vendor', 'Operador de tienda', 1),
	(13, 'secretaria', 'secretaria de la tienda 1', 1);

-- Volcando datos para la tabla agencia.salida: ~3 rows (aproximadamente)
INSERT INTO `salida` (`idsalida`, `codigo_venta`, `personaid`, `persona_externa`, `descripcion`, `datecreated`, `pago`, `status`) VALUES
	(2, 'v_1', 57, NULL, NULL, '2024-06-20 00:12:54', 2, 1),
	(3, 'v_1', NULL, 'juan', 'lunes', '2024-06-20 00:59:08', 1, 1),
	(4, 'v_2', NULL, 'jjjjjjjjjj', 'jjjjjjjjjjjjjjj', '2024-06-22 21:41:52', 2, 1);

-- Volcando datos para la tabla agencia.servicio: ~5 rows (aproximadamente)
INSERT INTO `servicio` (`idservicio`, `nombre`, `descripcion`, `precio`, `portada`, `datecreated`, `ruta`, `status`) VALUES
	(1, 'Rafting y nado con salvavidas en el río', 'Emocionante aventura acuática en aguas bravas con guías expertos y equipo de seguridad.', 11.20, 'portada_servicio.png', '2024-05-13 19:46:32', 'rafting_y_nado_con_salvavidas_en_el_rio', 1),
	(2, 'Práctica de kayak y canotaje', 'Explora ríos y lagos a bordo de kayaks y canoas, ideal para amantes de la naturaleza.', 9.00, 'portada_servicio.png', '2024-05-13 19:46:32', 'practica_de_kayak_y_canotaje', 1),
	(3, 'Tirolesa y parques de aventuras aéreas', 'Desafía la gravedad y disfruta de la adrenalina en recorridos por el aire entre árboles.', 5.00, 'portada_servicio.png', '2024-05-13 19:46:32', 'tirolesa_y_parques_de_aventuras_aereas', 1),
	(4, 'Tours extremos y de adrenalina', 'Experimenta emociones fuertes con actividades como rapel, bungee jumping y más.', 10.00, 'img_ee5da223d41a457c75108adb998ca63c.jpg', '2024-05-13 19:46:32', 'tours-extremos-y-de-adrenalina', 1),
	(5, 'Tours de naturaleza y vida silvestre', 'Descubre la diversidad natural y observa animales en su hábitat natural.', 10.00, 'img_bc833529de8d9b1871ec7e7756efda97.jpg', '2024-05-13 19:46:32', 'tours-de-naturaleza-y-vida-silvestre', 1);

-- Volcando datos para la tabla agencia.tipopago: ~258 rows (aproximadamente)
INSERT INTO `tipopago` (`idtipopago`, `tipopago`, `status`) VALUES
	(1, 'PayPal', 1),
	(2, 'Efectivo', 1),
	(3, 'Tarjeta', 1),
	(4, 'Cheque', 1),
	(5, 'Despósito Bancario', 1),
	(6, 'Yape', 1),
	(7, 'Plin', 1),
	(8, 'Transferencia Interbancaria', 1),
	(9, 'Depósito en Cuenta', 1),
	(10, 'Pago en Efectivo', 1),
	(11, 'Tarjeta de Débito', 1),
	(12, 'Tarjeta de Crédito', 1),
	(13, 'Yape', 1),
	(14, 'Plin', 1),
	(15, 'Transferencia CCI', 1),
	(16, 'Pago Móvil', 1),
	(17, 'Cheque', 1),
	(18, 'Letra de Cambio', 1),
	(19, 'Orden de Pago', 1),
	(20, 'Giro Bancario', 1),
	(21, 'Vale Vista', 1),
	(22, 'Pago con Código QR', 1),
	(23, 'Pago con Token', 1),
	(24, 'Pago con NFC', 1),
	(25, 'Domiciliación Bancaria', 1),
	(26, 'Pago por Ventanilla', 1),
	(27, 'Pago por Agente', 1),
	(28, 'Pago por Cajero Automático', 1),
	(29, 'Pago por Internet Banking', 1),
	(30, 'Cargo Automático', 1),
	(31, 'Bono de Vales', 1),
	(32, 'Tarjeta Alimentaria', 1),
	(33, 'Tarjeta Prepago', 1),
	(34, 'Tarjeta Regalo', 1),
	(35, 'Transferencia Interbancaria', 1),
	(36, 'Depósito en Cuenta', 1),
	(37, 'Pago en Efectivo', 1),
	(38, 'Tarjeta de Débito', 1),
	(39, 'Tarjeta de Crédito', 1),
	(40, 'Yape', 1),
	(41, 'Plin', 1),
	(42, 'Transferencia CCI', 1),
	(43, 'Pago Móvil', 1),
	(44, 'Cheque', 1),
	(45, 'Letra de Cambio', 1),
	(46, 'Orden de Pago', 1),
	(47, 'Giro Bancario', 1),
	(48, 'Vale Vista', 1),
	(49, 'Pago con Código QR', 1),
	(50, 'Pago con Token', 1),
	(51, 'Pago con NFC', 1),
	(52, 'Domiciliación Bancaria', 1),
	(53, 'Pago por Ventanilla', 1),
	(54, 'Pago por Agente', 1),
	(55, 'Pago por Cajero Automático', 1),
	(56, 'Pago por Internet Banking', 1),
	(57, 'Cargo Automático', 1),
	(58, 'Bono de Vales', 1),
	(59, 'Tarjeta Alimentaria', 1),
	(60, 'Tarjeta Prepago', 1),
	(61, 'Tarjeta Regalo', 1),
	(62, 'Pago con PayPal', 1),
	(63, 'Pago con Western Union', 1),
	(64, 'Pago con MoneyGram', 1),
	(65, 'Pago con PagoEfectivo', 1),
	(66, 'Pago con SafetyPay', 1),
	(67, 'Pago con Culqi', 1),
	(68, 'Pago con BIM', 1),
	(69, 'Pago con LUKITA', 1),
	(70, 'Pago con BBVA Wallet', 1),
	(71, 'Pago con Interbank APP', 1),
	(72, 'Pago con Scotiabank APP', 1),
	(73, 'Pago con Credinka Móvil', 1),
	(74, 'Pago con Banca por Teléfono', 1),
	(75, 'Pago con Google Pay', 1),
	(76, 'Pago con Apple Pay', 1),
	(77, 'Pago con Visa Checkout', 1),
	(78, 'Pago con Masterpass', 1),
	(79, 'Pago con Diners Club Pay', 1),
	(80, 'Pago con American Express SafeKey', 1),
	(81, 'Pago con PagoLink', 1),
	(82, 'Pago con ACH', 1),
	(83, 'Pago con Paynet', 1),
	(84, 'Pago con OXXO', 1),
	(85, 'Pago con Tarjeta Codensa', 1),
	(86, 'Pago con Efecty', 1),
	(87, 'Pago con Nequi', 1),
	(88, 'Pago con PSE', 1),
	(89, 'Pago con Baloto', 1),
	(90, 'Pago con DaviPlata', 1),
	(91, 'Pago con Redeban', 1),
	(92, 'Pago con Bancolombia App', 1),
	(93, 'Pago con Movii', 1),
	(94, 'Pago con AV Villas', 1),
	(95, 'Pago con Coopcentral', 1),
	(96, 'Pago con Colpatria', 1),
	(97, 'Pago con Grupo Aval', 1),
	(98, 'Pago con Banco Agrario', 1),
	(99, 'Pago con Banco de Bogotá', 1),
	(100, 'Pago con Banco de Occidente', 1),
	(101, 'Pago con Banco Popular', 1),
	(102, 'Pago con Bancoomeva', 1),
	(103, 'Pago con Bancolombia', 1),
	(104, 'Pago con Citibank', 1),
	(105, 'Pago con Itaú', 1),
	(106, 'Pago con Scotiabank Colpatria', 1),
	(107, 'Pago con Caja Social', 1),
	(108, 'Pago con Bancoomeva', 1),
	(109, 'Pago con Banco Santander', 1),
	(110, 'Pago con Banco Pichincha', 1),
	(111, 'Pago con Banco Caja Social', 1),
	(112, 'Pago con Banco Falabella', 1),
	(113, 'Pago con Banco GNB Sudameris', 1),
	(114, 'Pago con Banco CorpBanca', 1),
	(115, 'Pago con Banco Coopcentral', 1),
	(116, 'Pago con Banco Popular', 1),
	(117, 'Pago con Banco Finandina', 1),
	(118, 'Pago con Banco W', 1),
	(119, 'Pago con Banco Falabella', 1),
	(120, 'Pago con Banco Bogotá', 1),
	(121, 'Pago con Banco de Occidente', 1),
	(122, 'Pago con Banco Colpatria', 1),
	(123, 'Pago con Banco Itaú', 1),
	(124, 'Pago con Banco Pichincha', 1),
	(125, 'Pago con Banco Caja Social', 1),
	(126, 'Pago con Banco GNB Sudameris', 1),
	(127, 'Pago con Banco AV Villas', 1),
	(128, 'Pago con Banco Santander', 1),
	(129, 'Pago con Banco CorpBanca', 1),
	(130, 'Pago con Banco de Bogotá', 1),
	(131, 'Pago con Banco Popular', 1),
	(132, 'Pago con Banco Falabella', 1),
	(133, 'Pago con Banco Finandina', 1),
	(134, 'Pago con Banco de Occidente', 1),
	(135, 'Pago con Banco Caja Social', 1),
	(136, 'Pago con Banco Pichincha', 1),
	(137, 'Pago con Banco GNB Sudameris', 1),
	(138, 'Pago con Banco AV Villas', 1),
	(139, 'Pago con Banco Santander', 1),
	(140, 'Pago con Banco CorpBanca', 1),
	(141, 'Pago con Banco de Bogotá', 1),
	(142, 'Transferencia Interbancaria', 1),
	(143, 'Depósito en Cuenta', 1),
	(144, 'Pago en Efectivo', 1),
	(145, 'Tarjeta de Débito', 1),
	(146, 'Tarjeta de Crédito', 1),
	(147, 'Yape', 1),
	(148, 'Plin', 1),
	(149, 'Transferencia CCI', 1),
	(150, 'Pago Móvil', 1),
	(151, 'Cheque', 1),
	(152, 'Letra de Cambio', 1),
	(153, 'Orden de Pago', 1),
	(154, 'Giro Bancario', 1),
	(155, 'Vale Vista', 1),
	(156, 'Pago con Código QR', 1),
	(157, 'Pago con Token', 1),
	(158, 'Pago con NFC', 1),
	(159, 'Domiciliación Bancaria', 1),
	(160, 'Pago por Ventanilla', 1),
	(161, 'Pago por Agente', 1),
	(162, 'Pago por Cajero Automático', 1),
	(163, 'Pago por Internet Banking', 1),
	(164, 'Cargo Automático', 1),
	(165, 'Bono de Vales', 1),
	(166, 'Tarjeta Alimentaria', 1),
	(167, 'Tarjeta Prepago', 1),
	(168, 'Tarjeta Regalo', 1),
	(169, 'Pago con PayPal', 1),
	(170, 'Pago con Western Union', 1),
	(171, 'Pago con MoneyGram', 1),
	(172, 'Pago con PagoEfectivo', 1),
	(173, 'Pago con SafetyPay', 1),
	(174, 'Pago con Culqi', 1),
	(175, 'Pago con BIM', 1),
	(176, 'Pago con LUKITA', 1),
	(177, 'Pago con BBVA Wallet', 1),
	(178, 'Pago con Interbank APP', 1),
	(179, 'Pago con Scotiabank APP', 1),
	(180, 'Pago con Credinka Móvil', 1),
	(181, 'Pago con Banca por Teléfono', 1),
	(182, 'Pago con Google Pay', 1),
	(183, 'Pago con Apple Pay', 1),
	(184, 'Pago con Visa Checkout', 1),
	(185, 'Pago con Masterpass', 1),
	(186, 'Pago con Diners Club Pay', 1),
	(187, 'Pago con American Express SafeKey', 1),
	(188, 'Pago con PagoLink', 1),
	(189, 'Pago con ACH', 1),
	(190, 'Pago con Paynet', 1),
	(191, 'Pago con OXXO', 1),
	(192, 'Pago con Tarjeta Codensa', 1),
	(193, 'Pago con Efecty', 1),
	(194, 'Pago con Nequi', 1),
	(195, 'Pago con PSE', 1),
	(196, 'Pago con Baloto', 1),
	(197, 'Pago con DaviPlata', 1),
	(198, 'Pago con Redeban', 1),
	(199, 'Pago con Bancolombia App', 1),
	(200, 'Pago con Movii', 1),
	(201, 'Pago con AV Villas', 1),
	(202, 'Pago con Coopcentral', 1),
	(203, 'Pago con Colpatria', 1),
	(204, 'Pago con Grupo Aval', 1),
	(205, 'Pago con Banco Agrario', 1),
	(206, 'Pago con Banco de Bogotá', 1),
	(207, 'Pago con Banco de Occidente', 1),
	(208, 'Pago con Banco Popular', 1),
	(209, 'Pago con Bancoomeva', 1),
	(210, 'Pago con Bancolombia', 1),
	(211, 'Pago con Citibank', 1),
	(212, 'Pago con Itaú', 1),
	(213, 'Pago con Scotiabank Colpatria', 1),
	(214, 'Pago con Caja Social', 1),
	(215, 'Pago con Bancoomeva', 1),
	(216, 'Pago con Banco Santander', 1),
	(217, 'Pago con Banco Pichincha', 1),
	(218, 'Pago con Banco Caja Social', 1),
	(219, 'Pago con Banco Falabella', 1),
	(220, 'Pago con Banco GNB Sudameris', 1),
	(221, 'Pago con Banco CorpBanca', 1),
	(222, 'Pago con Banco Coopcentral', 1),
	(223, 'Pago con Banco Popular', 1),
	(224, 'Pago con Banco Finandina', 1),
	(225, 'Pago con Banco W', 1),
	(226, 'Pago con Banco Falabella', 1),
	(227, 'Pago con Banco Bogotá', 1),
	(228, 'Pago con Banco de Occidente', 1),
	(229, 'Pago con Banco Colpatria', 1),
	(230, 'Pago con Banco Itaú', 1),
	(231, 'Pago con Banco Pichincha', 1),
	(232, 'Pago con Banco Caja Social', 1),
	(233, 'Pago con Banco GNB Sudameris', 1),
	(234, 'Pago con Banco AV Villas', 1),
	(235, 'Pago con Banco Santander', 1),
	(236, 'Pago con Banco CorpBanca', 1),
	(237, 'Pago con Banco de Bogotá', 1),
	(238, 'Pago con Banco Popular', 1),
	(239, 'Pago con Banco Falabella', 1),
	(240, 'Pago con Banco Finandina', 1),
	(241, 'Pago con Banco de Occidente', 1),
	(242, 'Pago con Banco Caja Social', 1),
	(243, 'Pago con Banco Pichincha', 1),
	(244, 'Pago con Banco GNB Sudameris', 1),
	(245, 'Pago con Banco AV Villas', 1),
	(246, 'Pago con Banco Santander', 1),
	(247, 'Pago con Banco CorpBanca', 1),
	(248, 'Pago con Banco de Bogotá', 1),
	(249, 'Pago con Alipay', 1),
	(250, 'Pago con WeChat Pay', 1),
	(251, 'Pago con UnionPay', 1),
	(252, 'Pago con JCB', 1),
	(253, 'Pago con Discover Card', 1),
	(254, 'Pago con American Express', 1),
	(255, 'Pago con Diners Club', 1),
	(256, 'Pago con Maestro', 1),
	(257, 'Pago con Visa Electron', 1),
	(258, 'Pago con MasterCard', 1);

-- Volcando datos para la tabla agencia.venta: ~3 rows (aproximadamente)
INSERT INTO `venta` (`idventa`, `codigo_venta`, `datecreated`, `idvendedor`, `dni_cliente`, `idtipopago`, `total`, `status`) VALUES
	(1, 'v_1', '2024-06-18 00:00:00', 22, '4444444444', 187, 13.00, 1),
	(2, 'v_2', '2024-06-21 22:25:56', 22, '4444444444', 4, 8.00, 1),
	(3, 'v_3', '2024-06-26 10:33:26', 64, '4444444444', 6, 9.00, 1);

/*!40103 SET TIME_ZONE=IFNULL(@OLD_TIME_ZONE, 'system') */;
/*!40101 SET SQL_MODE=IFNULL(@OLD_SQL_MODE, '') */;
/*!40014 SET FOREIGN_KEY_CHECKS=IFNULL(@OLD_FOREIGN_KEY_CHECKS, 1) */;
/*!40101 SET CHARACTER_SET_CLIENT=@OLD_CHARACTER_SET_CLIENT */;
/*!40111 SET SQL_NOTES=IFNULL(@OLD_SQL_NOTES, 1) */;
